{
  "video_id": "BbBp4g3gAJ8",
  "status": "ok",
  "fps": 30,
  "duration_sec": 31.05,
  "average_cut_length": 0.2,
  "hook_duration": 0.983,
  "zoom_frequency": "insufficient_data",
  "subtitle_style": "insufficient_data",
  "caption_density": "insufficient_data",
  "motion_curve": {
    "0": 18.878387345678988,
    "1": 24.040115740740575,
    "2": 12.1200462962963,
    "3": 15.376180555555475,
    "4": 22.987229938271582,
    "5": 28.376087962963293,
    "6": 10.669614197530871,
    "7": 20.587669753086406,
    "8": 20.56382716049367,
    "9": 19.982237654320922,
    "10": 22.765987654320945,
    "11": 24.55439043209889,
    "12": 23.815084876543146,
    "13": 24.02291666666668,
    "14": 22.982152777777777,
    "15": 4.949212962963004,
    "16": 25.330401234568164,
    "17": 20.368549382715944,
    "18": 23.048124999999654,
    "19": 21.31194444444357,
    "20": 24.754945987654096,
    "21": 26.076226851851853,
    "22": 9.315632716049379,
    "23": 8.382947530864165,
    "24": 4.70362654320993,
    "25": 4.785516975308688,
    "26": 20.24868827160495,
    "27": 20.02963734567909,
    "28": 18.437986111111105,
    "29": 23.58532407407411,
    "30": 10.294274691358007
  },
  "facecam_position": {
    "corner": "top_left",
    "confidence": 0.301
  },
  "hud_position": "insufficient_data",
  "emotional_peaks": [],
  "engagement": 0.021872,
  "source": "youtube_api_real",
  "honesty_note": "hook_duration here is detectOpeningHookStrength()'s 0-1 score, not a literal seconds value (see research/hour_12.md re: that detector's known saturation issue, not yet recalibrated). emotional_peaks is an audio-spike-timestamp proxy, not a trained emotion-detection signal. zoom_frequency/subtitle_style/caption_density for third-party clips are insufficient_data, never guessed."
}