{
  "video_id": "job-1781580233838-zlpv9kir5-9_16",
  "status": "ok",
  "fps": 30,
  "duration_sec": 15,
  "average_cut_length": 0.2,
  "hook_duration": 0.934,
  "zoom_frequency": "insufficient_data",
  "subtitle_style": "lantern_generated",
  "caption_density": 44.0,
  "motion_curve": {
    "0": 1.56557098765432,
    "1": 1.0052546296296285,
    "2": 4.190632716049374,
    "3": 1.9913580246913558,
    "4": 3.2362962962962962,
    "5": 1.6562499999999987,
    "6": 3.7491898148148155,
    "7": 0.7192206790123454,
    "8": 2.1812345679012384,
    "9": 1.9120061728395064,
    "10": 2.9581790123456844,
    "11": 5.603078703703712,
    "12": 1.840177469135804,
    "13": 1.4381712962962954,
    "14": 1.4564274691358021
  },
  "facecam_position": "insufficient_data",
  "hud_position": "insufficient_data",
  "emotional_peaks": [],
  "engagement": "insufficient_data",
  "source": "lantern_own_render",
  "honesty_note": "hook_duration here is detectOpeningHookStrength()'s 0-1 score, not a literal seconds value (see research/hour_12.md re: that detector's known saturation issue, not yet recalibrated). emotional_peaks is an audio-spike-timestamp proxy, not a trained emotion-detection signal. zoom_frequency/subtitle_style/caption_density for third-party clips are insufficient_data, never guessed."
}