{
  "video_id": "job-1781580817643-xo0v2mpbj-9_16",
  "status": "ok",
  "fps": 30,
  "duration_sec": 29.6,
  "average_cut_length": 0.2,
  "hook_duration": 0.892,
  "zoom_frequency": "insufficient_data",
  "subtitle_style": "lantern_generated",
  "caption_density": 6.081,
  "motion_curve": {
    "0": 2.7821913580246873,
    "1": 1.1030632716049378,
    "2": 0.8476929012345693,
    "3": 0.992770061728396,
    "4": 1.0168132716049392,
    "5": 4.609143518518521,
    "6": 1.8408101851851841,
    "7": 1.4372222222222206,
    "8": 1.4548070987654358,
    "9": 1.4630864197530862,
    "10": 1.9896064814814798,
    "11": 3.2453163580247013,
    "12": 1.654027777777778,
    "13": 1.7504475308641931,
    "14": 1.9862345679012317,
    "15": 2.2097453703703724,
    "16": 1.0026929012345696,
    "17": 0.9388503086419744,
    "18": 3.210578703703692,
    "19": 0.6119984567901239,
    "20": 0.9930941358024707,
    "21": 1.4334645061728375,
    "22": 0.7970987654321002,
    "23": 0.9709104938271615,
    "24": 0.631720679012345,
    "25": 2.478726851851848,
    "26": 1.8991049382716025,
    "27": 1.4429398148148151,
    "28": 2.960609567901236,
    "29": 1.6341280864197536
  },
  "facecam_position": {
    "corner": "bottom_right",
    "confidence": 0.2
  },
  "hud_position": "insufficient_data",
  "emotional_peaks": [],
  "engagement": "insufficient_data",
  "source": "lantern_own_render",
  "honesty_note": "hook_duration here is detectOpeningHookStrength()'s 0-1 score, not a literal seconds value (see research/hour_12.md re: that detector's known saturation issue, not yet recalibrated). emotional_peaks is an audio-spike-timestamp proxy, not a trained emotion-detection signal. zoom_frequency/subtitle_style/caption_density for third-party clips are insufficient_data, never guessed."
}