{
  "video_id": "job-1781581134542-lx45ex73e-9_16",
  "status": "ok",
  "fps": 30,
  "duration_sec": 15,
  "average_cut_length": 0.2,
  "hook_duration": 0.933,
  "zoom_frequency": "insufficient_data",
  "subtitle_style": "lantern_generated",
  "caption_density": 44.0,
  "motion_curve": {
    "0": 1.5692669753086401,
    "1": 1.003395061728398,
    "2": 4.200763888888908,
    "3": 1.991682098765427,
    "4": 3.2393518518518443,
    "5": 2.788958333333336,
    "6": 6.895979938271618,
    "7": 2.14722222222221,
    "8": 2.1730246913580205,
    "9": 3.7868672839506132,
    "10": 2.9595216049382715,
    "11": 6.195555555555559,
    "12": 1.8411496913580208,
    "13": 1.4382561728395062,
    "14": 1.4526388888888924
  },
  "facecam_position": "insufficient_data",
  "hud_position": "insufficient_data",
  "emotional_peaks": [],
  "engagement": "insufficient_data",
  "source": "lantern_own_render",
  "honesty_note": "hook_duration here is detectOpeningHookStrength()'s 0-1 score, not a literal seconds value (see research/hour_12.md re: that detector's known saturation issue, not yet recalibrated). emotional_peaks is an audio-spike-timestamp proxy, not a trained emotion-detection signal. zoom_frequency/subtitle_style/caption_density for third-party clips are insufficient_data, never guessed."
}