{
  "video_id": "job-1781731846938-iprxa7syv-9_16",
  "status": "ok",
  "fps": 30,
  "duration_sec": 29.6,
  "average_cut_length": 0.2,
  "hook_duration": 0.882,
  "zoom_frequency": "insufficient_data",
  "subtitle_style": "lantern_generated",
  "caption_density": 6.081,
  "motion_curve": {
    "0": 0.9544907407407404,
    "1": 1.1063271604938314,
    "2": 0.854513888888889,
    "3": 0.9934953703703746,
    "4": 1.0226157407407417,
    "5": 4.6189737654320915,
    "6": 1.8413734567901234,
    "7": 1.4545833333333316,
    "8": 1.4658256172839517,
    "9": 1.6236033950617248,
    "10": 3.2400154320987578,
    "11": 1.4186805555555562,
    "12": 1.7529706790123436,
    "13": 1.263711419753089,
    "14": 0.9276774691358023,
    "15": 1.6978703703703708,
    "16": 1.0040123456790113,
    "17": 0.9490740740740773,
    "18": 3.1820524691357983,
    "19": 0.6160648148148161,
    "20": 0.9957947530864196,
    "21": 1.4423842592592564,
    "22": 0.797376543209873,
    "23": 0.9665740740740707,
    "24": 0.761280864197531,
    "25": 2.483726851851859,
    "26": 1.9076929012345678,
    "27": 1.4498148148148156,
    "28": 2.95664351851852,
    "29": 1.5587654320987632
  },
  "facecam_position": "insufficient_data",
  "hud_position": "insufficient_data",
  "emotional_peaks": [],
  "engagement": "insufficient_data",
  "source": "lantern_own_render",
  "honesty_note": "hook_duration here is detectOpeningHookStrength()'s 0-1 score, not a literal seconds value (see research/hour_12.md re: that detector's known saturation issue, not yet recalibrated). emotional_peaks is an audio-spike-timestamp proxy, not a trained emotion-detection signal. zoom_frequency/subtitle_style/caption_density for third-party clips are insufficient_data, never guessed."
}