{
  "video_id": "lantern_export_001",
  "status": "ok",
  "fps": 30,
  "duration_sec": 15.6,
  "average_cut_length": 0.2,
  "hook_duration": 0.956,
  "zoom_frequency": "insufficient_data",
  "subtitle_style": "insufficient_data",
  "caption_density": "insufficient_data",
  "motion_curve": {
    "0": 0.9960339506172827,
    "1": 1.1465123456790118,
    "2": 1.5013580246913598,
    "3": 2.459336419753084,
    "4": 1.6981327160493813,
    "5": 1.6873533950617268,
    "6": 1.815956790123455,
    "7": 2.5038657407407383,
    "8": 1.4764737654320998,
    "9": 1.1859953703703674,
    "10": 1.0712731481481483,
    "11": 1.9163348765432096,
    "12": 1.0323379629629679,
    "13": 1.1314583333333368,
    "14": 1.493364197530864,
    "15": 2.4537577160493935
  },
  "facecam_position": "insufficient_data",
  "hud_position": "insufficient_data",
  "emotional_peaks": [],
  "engagement": "insufficient_data",
  "source": "third_party_calibration_sample",
  "honesty_note": "hook_duration here is detectOpeningHookStrength()'s 0-1 score, not a literal seconds value (see research/hour_12.md re: that detector's known saturation issue, not yet recalibrated). emotional_peaks is an audio-spike-timestamp proxy, not a trained emotion-detection signal. zoom_frequency/subtitle_style/caption_density for third-party clips are insufficient_data, never guessed."
}